id,name,type,description
1,northern undead asylum,location,
2,firelink shrine,location,
3,valley of drakes,location,
4,new londo ruins,location,
5,the abyss,location,
6,undead burg,location,
7,sunlight altar,location,
8,undead parish,location,
9,depths,location,
10,blighttown,location,
11,quelaag's domain,location,
12,daughter of chaos,character,
13,demon ruins,location,
14,lost izalith,location,
15,the great hollow,location,
16,ash lake,location,
17,stone dragon,character,
18,darkroot garden,location,
19,darkroot basin,location,
20,sanctuary garden,location,
21,oolacile sanctuary,location,
22,royal wood,location,
23,oolacile township,location,
24,chasm of the abyss,location,
25,oolacile township dungeon,location,
26,battle of stoicism,location,
27,the catacombs,location,
28,tomb of the giants,location,
29,altar of the gravelord,location,
30,sen's fortress,location,
31,anor londo,location,
32,chamber of the princess,location,
33,darkmoon tomb,location,
34,the duke's archives,location,
35,crystal cave,location,
36,painted world of ariamis,location,
37,firelink altar,location,
38,kiln of the first flame,location,
39,solaire of astora,character,
40,dusk of oolacile,character,
41,black iron tarkus,character,
42,witch beatrice,character,
43,maneater mildred,character,
44,paladin leeroy,character,
45,knight kirk,character,
46,xanthous king jeremiah,character,
47,lautrec the embraced,character,
48,demon firesage,character,
49,stray demon,character,
50,asylum demon,character,
51,capra demon,character,
52,taurus demon,character,
53,iron golem,character,
54,executioner smough,character,
55,crossbreed priscilla,character,
56,moonlight butterfly,character,
57,sanctuary guardian,character,
58,artorias the abysswalker,character,
59,"manus, father of the abyss",character,
60,black dragon kalameet,character,
61,centipede demon,character,
62,great grey wolf sif,character,
63,gravelord nito,character,
64,ceaseless discharge,character,
65,gaping dragon,character,
66,dragonslayer ornstein,character,
67,chaos witch quelaag,character,
68,seath the scaleless,character,
69,dark sun gwyndolin,character,
70,bell gargoyle,character,
71,"gwyn, lord of cinder",character,
72,four kings,character,
73,bed of chaos,character,
74,gravelord servant,character,
75,dagger,dagger,
76,parrying dagger,dagger,
77,ghost blade,dagger,
78,bandit's knife,dagger,
79,priscilla's dagger,dagger,
80,shortsword,straight sword,
81,longsword,straight sword,
82,broadsword,straight sword,
83,broken straight sword,straight sword,
84,balder side sword,straight sword,
85,crystal straight sword,straight sword,
86,sunlight straight sword,straight sword,
87,barbed straight sword,straight sword,
88,silv. knight str. sword,straight sword,
89,astora's straight sword,straight sword,
90,darksword,straight sword,
91,drake sword,straight sword,
92,straight sword hilt,straight sword,
93,bastard sword,greatsword,
94,claymore,greatsword,
95,man-serpent greatsword,greatsword,
96,flamberge,greatsword,
97,crystal greatsword,greatsword,
98,stone greatsword,greatsword,
99,greatsword of artorias,greatsword,
100,great lord greatsword,greatsword,
101,moonlight greatsword,greatsword,
102,black knight sword,greatsword,
103,greatsword of artorias,greatsword,
104,zweihander,greatsword,
105,greatsword,greatsword,
106,demon great machete,greatsword,
107,dragon greatsword,greatsword,
108,black knight greatsword,greatsword,
109,scimitar,curved sword,
110,falchion,curved sword,
111,shotel,curved sword,
112,jagged ghost blade,curved sword,
113,painting guardian sword,curved sword,
114,quelaag's furysword,curved sword,
115,server,curved greatsword,
116,murakumo,curved greatsword,
117,gravelord sword,curved greatsword,
118,uchigatana,katana,
119,washing pole,katana,
120,iaito,katana,
121,chaos blade,katana,
122,mail breaker,thrusting sword,
123,rapier,thrusting sword,
124,estoc,thrusting sword,
125,velka's rapier,rapier,
126,ricard's rapier,rapier,
127,hand axe,axe,
128,battle axe,axe,
129,crescent axe,axe,
130,butcher knife,axe,
131,golem axe,axe,
132,gargoyle tail axe,axe,
133,greataxe,greataxe,
134,demon's greataxe,greataxe,
135,dragon king greataxe,greataxe,
136,black knight greataxe,greataxe,
137,club,hammer,
138,mace,hammer,
139,morning star,hammer,
140,warpick,hammer,
141,pickaxe,hammer,
142,reinforced club,hammer,
143,blacksmith hammer,hammer,
144,blacksmith giant hammer,hammer,
145,hammer of vamos,hammer,
146,great club,great hammer,
147,grant,great hammer,
148,demon's great hammer,great hammer,
149,dragon tooth,great hammer,
150,large club,great hammer,
151,smough's hammer,great hammer,
152,caestus,fist weapon,
153,claw,fist weapon,
154,dragon bone fist,fist weapon,
155,dark hand,fist weapon,
156,spear,spear,
157,winged spear,spear,
158,partizan,spear,
159,demon's spear,spear,
160,channeler's trident,spear,
161,silver knight spear,spear,
162,pike,spear,
163,dragonslayer spear,spear,
164,moonlight butterfly horn,spear,
165,halberd,halberd,
166,giant's halberd,halberd,
167,titanite catch pole,halberd,
168,gargoyle's halberd,halberd,
169,black knight halberd,halberd,
170,lucerne,halberd,
171,scythe,halberd,
172,great scythe,halberd,
173,lifehunt scythe,halberd,
174,short bow,bow,
175,longbow,bow,
176,black bow of pharis,bow,
177,dragonslayer greatbow,bow,
178,composite bow,bow,
179,darkmoon bow,bow,
180,light crossbow,crossbow,
181,heavy crossbow,crossbow,
182,avelyn,crossbow,
183,sniper crossbow,crossbow,
184,sorcerer's catalyst,catalyst,
185,beatrice's catalyst,catalyst,
186,tin banishment catalyst,catalyst,
187,logan's catalyst,catalyst,
188,tin darkmoon catalyst,catalyst,
189,oolacile ivory catalyst,catalyst,
190,tin crystallization ctlyst.,catalyst,
191,demon's catalyst,catalyst,
192,izalith catalyst,catalyst,
193,pyromancy flame,pyromancy,
194,pyromancy flame,pyromancy,
195,talisman,talisman,
196,canvas talisman,talisman,
197,thorolund talisman,talisman,
198,ivory talisman,talisman,
199,sunlight talisman,talisman,
200,darkmoon talisman,talisman,
201,velka's talisman,talisman,
202,skull lantern,strike,
203,east-west shield,shield,
204,wooden shield,shield,
205,large leather shield,shield,
206,small leather shield,shield,
207,target shield,shield,
208,buckler,shield,
209,cracked round shield,shield,
210,leather shield,shield,
211,plank shield,shield,
212,caduceus round shield,shield,
213,crystal ring shield,shield,
214,heater shield,shield,
215,knight shield,shield,
216,tower kite shield,shield,
217,grass crest shield,shield,
218,hollow soldier shield,shield,
219,balder shield,shield,
220,crest shield,shield,
221,dragon crest shield,shield,
222,warrior's round shield,shield,
223,iron round shield,shield,
224,spider shield,shield,
225,spiked shield,shield,
226,crystal shield,shield,
227,sunlight shield,shield,
228,silver knight shield,shield,
229,black knight shield,shield,
230,pierce shield,shield,
231,red and white round shield,shield,
232,caduceus kite shield,shield,
233,gargoyle's shield,shield,
234,eagle shield,shield,
235,tower shield,shield,
236,giant shield,shield,
237,stone greatshield,shield,
238,havel's greatshield,shield,
239,bonewheel shield,shield,
240,greatshield of artorias,shield,
241,whip,whip,
242,notched whip,whip,
243,standard arrow,arrow,
244,large arrow,arrow,
245,feather arrow,arrow,
246,fire arrow,arrow,
247,poison arrow,arrow,
248,moonlight arrow,arrow,
249,wooden arrow,arrow,
250,dragonslayer arrow,arrow,
251,gough's great arrow,arrow,
252,standard bolt,bolt,
253,heavy bolt,bolt,
254,sniper bolt,bolt,
255,wood bolt,bolt,
256,lightning bolt,bolt,
257,effigy shield,shield,
258,sanctus,shield,
259,bloodshield,shield,
260,black iron greatshield,shield,
261,gold tracer,curved sword,
262,dark silver tracer,dagger,
263,abyss greatsword,greatsword,
264,cleansing greatshield,shield,
265,stone greataxe,greataxe,
266,four-pronged plow,axe,
267,manus catalyst,catalyst,
268,oolacile catalyst,catalyst,
269,guardian tail,tail weapon,
270,obsidian greatsword,greatsword,
271,gough's greatbow,greatbow,
272,catarina helm,armor,
273,catarina armor,armor,
274,catarina gauntlets,armor,
275,catarina leggings,armor,
276,paladin helm,armor,
277,paladin armor,armor,
278,paladin gauntlets,armor,
279,paladin leggings,armor,
280,dark mask,armor,
281,dark armor,armor,
282,dark gauntlets,armor,
283,dark leggings,armor,
284,brigand hood,armor,
285,brigand armor,armor,
286,brigand gauntlets,armor,
287,brigand trousers,armor,
288,shadow mask,armor,
289,shadow garb,armor,
290,shadow gauntlets,armor,
291,shadow leggings,armor,
292,black iron helm,armor,
293,black iron armor,armor,
294,black iron gauntlets,armor,
295,black iron leggings,armor,
296,smough's helm,armor,
297,smough's armor,armor,
298,smough's gauntlets,armor,
299,smough's leggings,armor,
300,six-eyed helm of the channelers,armor,
301,robe of the channelers,armor,
302,gauntlets of the channelers,armor,
303,waistcloth of the channelers,armor,
304,helm of favor,armor,
305,embraced armor of favor,armor,
306,gauntlets of favor,armor,
307,leggings of favor,armor,
308,helm of the wise,armor,
309,armor of the glorious,armor,
310,gauntlets of the vanquisher,gauntlets,
311,boots of the explorer,leggings,
312,stone helm,helm,
313,stone armor,armor,
314,stone gauntlets,gauntlets,
315,stone leggings,leggings,
316,crystalline helm,helm,
317,crystalline armor,armor,
318,crystalline gauntlets,gauntlets,
319,crystalline leggings,leggings,
320,mask of the sealer,helm,
321,crimson robe,armor,
322,crimson gloves,gauntlets,
323,crimson waistcloth,leggings,
324,mask of velka,helm,
325,black cleric robe,armor,
326,black manchette,gauntlets,
327,black tights,leggings,
328,iron helm,helm,
329,armor of the sun,armor,
330,iron bracelet,gauntlets,
331,iron leggings,leggings,
332,chain helm,helm,
333,chain armor,armor,
334,leather gauntlets,gauntlets,
335,chain leggings,leggings,
336,cleric helm,helm,
337,cleric armor,armor,
338,cleric gauntlets,gauntlets,
339,cleric leggings,leggings,
340,sunlight maggot,helm,
341,helm of thorns,helm,
342,armor of thorns,armor,
343,gauntlets of thorns,gauntlets,
344,leggings of thorns,leggings,
345,standard helm,helm,
346,hard leather armor,armor,
347,hard leather gauntlets,gauntlets,
348,hard leather boots,leggings,
349,sorcerer hat,helm,
350,sorcerer cloak,armor,
351,sorcerer gauntlets,gauntlets,
352,sorcerer boots,boots,
353,tattered cloth hood,helm,
354,tattered cloth robe,armor,
355,tattered cloth manchette,gauntlets,
356,heavy boots,boots,
357,pharis's hat,helm,
358,leather armor,armor,
359,leather gloves,gauntlets,
360,leather boots,boots,
361,painting guardian hood,helm,
362,painting guardian robe,armor,
363,painting guardian gloves,gauntlets,
364,painting guardian waistcloth,leggings,
365,ornstein's helm,helm,
366,ornstein's armor,armor,
367,ornstein's gauntlets,gauntlets,
368,ornstein's leggings,leggings,
369,eastern helm,helm,
370,eastern armor,armor,
371,eastern gauntlets,gauntlets,
372,eastern leggings,leggings,
373,xanthous crown,helm,
374,xanthous overcoat,armor,
375,xanthous gloves,gauntlets,
376,xanthous waistcloth,leggings,
377,thief mask,helm,
378,black leather armor,armor,
379,black leather gloves,gauntlets,
380,black leather boots,boots,
381,priest's hat,helm,
382,holy robe,armor,
383,traveling gloves,armor,
384,holy trousers,leggings,
385,black knight helm,helm,
386,black knight armor,armor,
387,black knight gauntlets,gauntlets,
388,black knight leggings,leggings,
389,crown of dusk,helm,
390,antiquated dress,armor,
391,antiquated gloves,armor,
392,antiquated skirt,armor,
393,witch hat,armor,
394,witch cloak,armor,
395,witch gloves,armor,
396,witch skirt,armor,
397,elite knight helm,armor,
398,elite knight armor,armor,
399,elite knight gauntlets,armor,
400,elite knight leggings,armor,
401,wanderer hood,armor,
402,wanderer coat,armor,
403,wanderer manchette,armor,
404,wanderer boots,armor,
405,big hat,armor,
406,sage robe,armor,
407,traveling gloves,armor,
408,traveling boots,armor,
409,knight helm,armor,
410,knight armor,armor,
411,knight gauntlets,armor,
412,knight leggings,armor,
413,dingy hood,armor,
414,dingy robe,armor,
415,dingy gloves,armor,
416,blood-stained skirt,armor,
417,maiden hood,armor,
418,maiden robe,armor,
419,maiden gloves,armor,
420,maiden skirt,armor,
421,silver knight helm,armor,
422,silver knight armor,armor,
423,silver knight gauntlets,armor,
424,silver knight leggings,armor,
425,havel's helm,armor,
426,havel's armor,armor,
427,havel's gauntlets,armor,
428,havel's leggings,armor,
429,brass helm,armor,
430,brass armor,armor,
431,brass gauntlets,gauntlets,
432,brass leggings,leggings,
433,gold-hemmed black hood,helmet,
434,gold-hemmed black cloak,armor,
435,gold-hemmed black gloves,gloves,
436,gold-hemmed black skirt,leggings,
437,golem helm,helmet,
438,golem armor,armor,
439,golem gauntlets,gauntlets,
440,golem leggings,leggings,
441,hollow soldier helm,helmet,
442,hollow soldier armor,armor,
443,hollow soldier waistcloth,leggings,
444,steel helm,helmet,
445,steel armor,armor,
446,steel gauntlets,gauntlets,
447,steel leggings,leggings,
448,hollow thief's hood,helmet,
449,hollow thief's leather armor,armor,
450,hollow thief's tights,leggings,
451,balder helm,helmet,
452,balder armor,armor,
453,balder gauntlets,gauntlets,
454,balder leggings,leggings,
455,hollow warrior helm,helmet,
456,hollow warrior armor,armor,
457,hollow warrior waistcloth,leggings,
458,giant helm,helmet,
459,giant armor,armor,
460,giant gauntlets,gauntlets,
461,giant leggings,leggings,
462,crown of the dark sun,helmet,
463,moonlight robe,armor,
464,moonlight gloves,gloves,
465,moonlight waistcloth,leggings,
466,crown of the great lord,helmet,
467,robe of the great lord,armor,
468,bracelet of the great lord,gauntlets,
469,anklet of the great lord,leggings,
470,sack,helmet,
471,symbol of avarice,helmet,
472,royal helm,helmet,
473,mask of the father,helmet,
474,mask of the mother,helmet,
475,mask of the child,helmet,
476,fang boar helm,helmet,
477,gargoyle helm,helmet,
478,black sorcerer hat,helmet,
479,black sorcerer cloak,armor,
480,black sorcerer gauntlets,gauntlets,
481,black sorcerer boots,leggings,
482,helm of artorias,helmet,
483,armor of artorias,armor,
484,gauntlets of artorias,gauntlets,
485,leggings of artorias,leggings,
486,porcelain mask,helmet,
487,lord's blade robe,armor,
488,lord's blade gloves,gauntlets,
489,lord's blade waistcloth,leggings,
490,gough's helm,helmet,
491,gough's armor,armor,
492,gough's gauntlets,gauntlets,
493,gough's leggings,leggings,
494,guardian helm,helmet,
495,guardian armor,armor,
496,guardian gauntlets,gauntlets,
497,guardian leggings,leggings,
498,snickering top hat,helmet,
499,chester's long coat,armor,
500,chester's gloves,gauntlets,
501,chester's trousers,leggings,
502,bloated head,helmet,
503,bloated sorcerer head,helmet,
504,havel's ring,ring,
505,red tearstone ring,ring,
506,darkmoon blade covenant ring,ring,
507,cat covenant ring,ring,
508,cloranthy ring,ring,
509,flame stoneplate ring,ring,
510,thunder stoneplate ring,ring,
511,spell stoneplate ring,ring,
512,speckled stoneplate ring,ring,
513,bloodbite ring,ring,
514,poisonbite ring,ring,
515,tiny being's ring,ring,
516,cursebite ring,ring,
517,white seance ring,ring,
518,bellowing dragoncrest ring,ring,
519,dusk crown ring,ring,
520,hornet ring,ring,
521,hawk ring,ring,
522,ring of steel protection,ring,
523,covetous gold serpent ring,ring,
524,covetous silver serpent ring,ring,
525,slumbering dragoncrest ring,ring,
526,ring of fog,ring,
527,rusted iron ring,ring,
528,ring of sacrifice,ring,
529,rare ring of sacrifice,ring,
530,dark wood grain ring,ring,
531,ring of the sun princess,ring,
532,old witch's ring,ring,
533,covenant of artorias,ring,
534,orange charred ring,ring,
535,lingering dragoncrest ring,ring,
536,ring of the evil eye,ring,
537,ring of favor and protection,ring,
538,leo ring,ring,
539,east wood grain ring,ring,
540,wolf ring,ring,
541,blue tearstone ring,ring,
542,ring of the sun's firstborn,ring,
543,darkmoon seance ring,ring,
544,calamity ring,ring,
545,soul arrow,sorcery,
546,great soul arrow,sorcery,
547,heavy soul arrow,sorcery,
548,great heavy soul arrow,sorcery,
549,homing soulmass,sorcery,
550,homing crystal soulmass,spell,
551,soul spear,spell,
552,crystal soul spear,spell,
553,magic weapon,spell,
554,great magic weapon,spell,
555,crystal magic weapon,spell,
556,magic shield,spell,
557,strong magic shield,spell,
558,hidden weapon,spell,
559,hidden body,spell,
560,cast light,spell,
561,hush,spell,
562,aural decoy,spell,
563,repair,spell,
564,fall control,spell,
565,chameleon,spell,
566,resist curse,spell,
567,remedy,spell,
568,white dragon breath,spell,
569,dark orb,spell,
570,dark bead,spell,
571,dark fog,spell,
572,pursuers,spell,
573,fireball,pyromancy,
574,fire orb,pyromancy,
575,great fireball,pyromancy,
576,firestorm,pyromancy,
577,fire tempest,pyromancy,
578,fire surge,pyromancy,
579,fire whip,pyromancy,
580,combustion,pyromancy,
581,great combustion,pyromancy,
582,poison mist,pyromancy,
583,toxic mist,pyromancy,
584,acid surge,pyromancy,
585,iron flesh,pyromancy,
586,flash sweat,pyromancy,
587,undead rapport,pyromancy,
588,power within,pyromancy,
589,great chaos fireball,pyromancy,
590,chaos storm,pyromancy,
591,chaos fire whip,pyromancy,
592,black flame,pyromancy,
593,heal,miracle,
594,great heal,miracle,
595,great heal excerpt,miracle,
596,soothing sunlight,miracle,
597,replenishment,miracle,
598,bountiful sunlight,miracle,
599,gravelord sword dance,miracle,
600,gravelord greatsword dance,miracle,
601,homeward,miracle,
602,force,miracle,
603,wrath of the gods,miracle,
604,emit force,miracle,
605,seek guidance,miracle,
606,lightning spear,miracle,
607,great lightning spear,miracle,
608,sunlight spear,miracle,
609,magic barrier,miracle,
610,great magic barrier,miracle,
611,karmic justice,miracle,
612,tranquil walk of peace,miracle,
613,vow of silence,miracle,
614,sunlight blade,miracle,
615,darkmoon blade,miracle,
616,white sign soapstone,online,
617,red sign soapstone,online,
618,red eye orb,online,
619,black separation crystal,online,
620,orange guidance soapstone,online,
621,book of the guilty,online,
622,eye of death,online,
623,cracked red eye orb,online,
624,servant roster,online,
625,blue eye orb,online,
626,dragon eye,online,
627,black eye orb,online,
628,darksign,tool,
629,purple coward's crystal,online,
630,estus flask,consumable,
631,silver pendant,key item,
632,elizabeth's mushroom,consumable,
633,divine blessing,consumable,
634,green blossom,consumable,
635,bloodred moss clump,consumable,
636,purple moss clump,consumable,
637,blooming purple moss clump,consumable,
638,purging stone,consumable,
639,egg vermifuge,consumable,
640,repair powder,consumable,
641,throwing knife,throwable,
642,poison throwing knife,throwable,
643,firebomb,throwable,
644,dung pie,throwable,
645,alluring skull,throwable,
646,lloyd's talisman,throwable,
647,black firebomb,throwable,
648,charcoal pine resin,buff item,
649,gold pine resin,buff item,
650,transient curse,consumable,
651,rotten pine resin,buff item,
652,homeward bone,consumable,
653,prism stone,tool,
654,binoculars,tool,
655,indictment,online item,
656,souvenir of reprisal,online item,
657,sunlight medal,online item,
658,pendant,gift item,
659,dragon head stone,transformation item,
660,dragon torso stone,transformation item,
661,rubbish,junk,
662,copper coin,currency,
663,silver coin,currency,
664,gold coin,currency,
665,peculiar doll,key item,
666,dried finger,online item,
667,fire keeper soul,soul,
668,fire keeper soul,upgrade item,
669,fire keeper soul,upgrade item,
670,fire keeper soul,upgrade item,
671,soul of a lost undead,soul,
672,large soul of a lost undead,soul,
673,soul of a nameless soldier,soul,
674,large soul of a nameless soldier,soul,
675,soul of a proud knight,soul,
676,large soul of a proud knight,soul,
677,soul of a brave warrior,soul,
678,large soul of a brave warrior,soul,
679,soul of a hero,soul,
680,soul of a great hero,soul,
681,humanity,consumable,
682,twin humanities,consumable,
683,hello carving,tool,
684,thank you carving,tool,
685,very good! carving,tool,
686,i'm sorry carving,tool,
687,help me! carving,tool,
688,soul of quelaag,soul_boss,
689,soul of sif,soul_boss,
690,"soul of gwyn, lord of cinder",soul_boss,
691,core of an iron golem,soul_boss,
692,soul of ornstein,soul_boss,
693,soul of the moonlight butterfly,soul_boss,
694,soul of smough,soul_boss,
695,soul of priscilla,soul_boss,
696,soul of gwyndolin,soul_boss,
697,guardian soul,soul_boss,
698,soul of artorias,soul_boss,
699,soul of manus,soul_boss,
700,large ember,ember,
701,very large ember,ember,
702,crystal ember,ember,
703,large magic ember,ember,
704,enchanted ember,ember,
705,divine ember,ember,
706,large divine ember,ember,
707,dark ember,ember,
708,large flame ember,ember,
709,chaos flame ember,ember,
710,titanite shard,upgrade_material,
711,large titanite shard,upgrade_material,
712,green titanite shard,upgrade_material,
713,titanite chunk,upgrade_material,
714,blue titanite chunk,upgrade_material,
715,white titanite chunk,upgrade_material,
716,red titanite chunk,upgrade_material,
717,titanite slab,upgrade_material,
718,blue titanite slab,upgrade_material,
719,white titanite slab,upgrade_material,
720,red titanite slab,upgrade_material,
721,dragon scale,upgrade_material,
722,demon titanite,upgrade_material,
723,twinkling titanite,upgrade_material,
724,basement key,key,
725,crest of artorias,key,
726,cage key,key,
727,archive tower cell key,key,
728,archive tower giant door key,key,
729,archive tower giant cell key,key,
730,blighttown key,key,
731,key to new londo ruins,key,
732,annex key,key,
733,dungeon cell key,key,
734,big pilgrim's key,key,
735,undead asylum f2 east key,key,
736,key to the seal,key,
737,key to depths,key,
738,undead asylum f2 west key,key,
739,mystery key,key,
740,sewer chamber key,key,
741,watchtower basement key,key,
742,archive prison extra key,key,
743,residence key,key,
744,crest key,key,
745,master key,key,
746,lord soul,key_item,
747,lord soul,key_item,
748,bequeathed lord soul shard,key_item,
749,bequeathed lord soul shard,key_item,
750,lordvessel,key item,
751,broken pendant,key item,
752,weapon smithbox,tool,
753,armor smithbox,tool,
754,repairbox,tool,
755,rite of kindling,key item,
756,bottomless box,tool,
757,aside,character,
758,marvellous chester,character,
759,lord's blade ciaran,character,
760,crestfallen,character,
761,darkmoon knightess,character,
762,domhnall of zena,character,
763,eingyi,character,
764,elizabeth,character,
765,fortress knight,character,
766,kingseeker frampt,character,
767,giantsmith,character,
768,hawkeye gough,character,
769,griggs of vinheim,character,
770,gwynevere,character,
771,ingward,character,
772,darkstalker kaathe,character,
773,laurentius,character,
774,big hat logan,character,
775,nest,character,
776,nico,character,
777,oscar,character,
778,oswald,character,
779,palespider,character,
780,patches,character,
781,petrus,character,
782,quelana of izalith,character,
783,reah of thorolund,character,
784,rickert,character,
785,shiva of the east,character,
786,sieglinde of catarina,character,
787,siegmeyer of catarina,character,
788,undeadman,character,
789,undeadwoman,character,
790,vamos,character,
791,vince,character,
792,alvina,character,
793,anastacia,character,
794,andre of astora,character,
795,knights of carim,faction,
796,carim,location,
797,ghosts of new londo,creature,
798,cursed weapons,concept,
799,lowly thieves,archetype,
800,bandits,archetype,
801,dragon crossbreed,concept,
802,white-robed painting guardians,faction,
803,knight king rendal,character,
804,undead,creature,
805,hollowed,creature,
806,ancient kingdom of balder,location,
807,lifehunt,power,
808,astora,location,
809,undead asylum,location,
810,darkwraiths,faction,
811,knight of thorns,faction,
812,silver knights,faction,
813,stone knights,creature,
814,bleeding,effect,
815,blessing,effect,
816,dark,effect,
817,abysswalker,title,
818,dragons,creature,
819,drake,creature,
820,serpent man,creature,
821,wolf,creature,
822,arstor of carim,character,
823,chaos fire,effect,
824,fire,effect,
825,occult,effect,
826,earl of carim,title,
827,lord of cinder,title,
828,witch of izalith,title,
829,chaos demons,creature,
830,ghosts,creature,
831,capra demons,faction,
832,knights of berenike,faction,
833,black knights,faction,
834,painting guardians,faction,
835,servants of gravelord nito,faction,
836,eastern land,location,
837,lordran,location,
838,old church,location,
839,undead church,location,
840,lightning,effect,
841,thrust damage,effect,
842,chaos demon,creature,
843,ricard,character,
844,velka,character,
845,goddess of sin,title,
846,undead prince,title,
847,taurus demons,faction,
848,undead merchant,faction,
849,way of white,faction,
850,clerics,faction,
851,giant blacksmith,character,
852,havel the rock,character,
853,north undead asylum,location,
854,dragonslayer,title,
855,four knights,title,
856,blacksmith,title,
857,batwing demons,faction,
858,channelers,faction,
859,giant sentinels,faction,
860,butterfly,creature,
861,spooks,creature,
862,titanite demon,creature,
863,magic,effect,
864,chaos flame,magic,
865,dragonslayers,group,
866,eidas,character,
867,great swamp,location,
868,izalith,location,
869,oolacile,location,
870,pharis,character,
871,vinheim dragon school,location,
872,thorolund,place,
873,catacombs necromancer,character,
874,great stone archtrees,entity,
875,mountain bandits,group,
876,darkwraith kirk,character,
877,catarina,region,
878,great stone archtrees,entity,
879,bell of awakening,object,
880,lord's hunters,group,
881,covenant of gwyndolin,group,
882,followers of the occult,group,
883,undead paladin,character,
884,forest sanctuary,location,
885,scarecrows,group,
886,knights of catarina,group,
887,brigands,group,
888,cathedral of anor londo,location,
889,goddess fina,character,
890,zena,location,
891,hollowed knight,creature,
892,sealers of new londo,group,
893,velka's pardoners,group,
894,thorns armor,item,
895,pyromancers of the great swamp,group,
896,great paintings of ariamis,item,
897,way of white priests,group,
898,fire keeper,character,
899,traveling maidens,group,
900,mausoleum of the spiral depths,location,
901,daughters of chaos,group,
902,hollow thieves,creature,
903,hollow warriors,creature,
904,undead man-eating cook,creature,
905,ancient god,character,
906,pinwheel,character,
907,fang boar,creature,
908,secret sorcerers,group,
909,oolacile resident,creature,
910,oolacile sorcerer,creature,
911,allfather lloyd,character,
912,head bishop of the way of white,character,
913,flame god flann,deity,
914,evil eye,creature,
915,fina,deity,
916,lord gwyn's firstborn,character,
917,yulva,character,
918,salaman,character,
919,carmina,character,
920,flame of chaos,concept,
921,first flame,concept,
922,gods,group,
923,blades of the darkmoon,group,
924,hollow,creature,
925,old man mcloyf,character,
926,church,organization,
927,legendary slabs,object,
928,divine blacksmith,character,
929,ancient dragons,creature,
930,apostles of the ancient dragons,organization,
931,grave of artorias,location,
932,maidens,character,
933,annex,location,
934,mysterious knight,character,
935,chosen undead,character,
936,pilgrimage,event,
937,kindling,ritual,
938,age of ancients,era,
939,everlasting dragons,race,
940,disparity,concept,
941,furtive pygmy,character,
942,age of fire,era,
943,juniper,unknown,
944,mushroom,character,
945,toothy serpent,character,
946,primeval man,character,
947,lord's blade,title,
948,crow,creature,
949,godmother of pyromancy,character,
950,m'lady,character,
951,remedician,character,
952,regal archives,location,
953,crystal golem,creature,
954,oolacile sorceries,concept,
955,our fair lady,character,
956,molten giant,creature,
957,blightpus,object,
958,primeval human,creature,
959,firelink chamber,location,
960,the duke,character,
961,dark of the abyss,location,
962,wood carving,object,
963,logan's sorcery,object,
964,dark sun,deity,
965,guardian of the seal,title,
966,dark soul,concept,
967,age of dark,era,
968,maiden thorolund,character,
969,primordial crystal,object,
970,crystal forest,location,
971,house of thorolund,organization,
972,giant's coffin,location,
973,dragon school,organization,
974,lin,unknown (possibly character),
975,tomb of the gravelord,location,
976,yulia,creature or object,
977,darkroot wood,location,
978,divine weapons,object,
979,black ember,object,
980,raw weapons,weapon,
981,soul absorption boost,mechanic,
982,artorias's covenant,covenant,
983,estus flask reinforcement,mechanic,
984,message writing,mechanic,
985,armored boar,enemy,
986,fire weapons,weapon,
987,age_before_fire,era,
988,eldest daughter of chaos,character,
989,triple bolts,ammunition,
990,prone to breaking,attribute,
991,wisdom and exploration,theme,
992,the prophecy,prophecy,
993,fire keeper killers,mechanic,
994,bash tool,tool,
995,enchanted shields,shield,
996,greatbow,weapon,
997,removed,status,
998,effective against shields,attribute,
999,darkmoon covenant,covenant,
1000,iaijutsu,combat_style,
1001,low stability,attribute,
1002,blinding light,spell,
1003,crystal light rings,magical_item,
1004,toxin,ailment,
1005,undead church gargoyle,enemy,
1006,chaos and fire,theme,
1007,crossbow,weapon,
1008,female clerics,faction,
1009,hp per hit,mechanic,
1010,equip load,attribute,
1011,her father,character,
1012,lightning-imbued weapons,weapon,
1013,pyromancies,magic,
1014,standard bronze,material,
1015,ringing of two bells,event,
1016,flame,element,
1017,darkmoon authority,organization,
1018,legacy of izalith,lore,
1019,undead knight,enemy,
1020,parry focused,attribute,
1021,gigantic greatswords,weapon,
1022,brass halberds infused with lightning,weapon,
1023,anor londo cathedral,location,
1024,parrying,mechanic,
1025,fear,effect,
1026,perpetuity,concept,
1027,rolling behavior,mechanic,
1028,eagle,creature,
1029,anor londo sentinels,enemy,
1030,lower undead burg,location,
1031,physical defense,attribute,
1032,holy weapons,weapon,
1033,create chaos weapon,action,
1034,fire arts,magic,
1035,servant,role,
1036,red feather arrows,ammunition,
1037,100% physical block,attribute,
1038,pvp exit,mechanic,
1039,divine protection,effect,
1040,axe,weapon,
1041,mountain brigands,enemy,
1042,katana craftsmanship,craftsmanship,
1043,healing mushroom,item,
1044,reliable defense,stat,
1045,faith-based factions,faction,
1046,balder knights,enemy,
1047,maiden,npc,
1048,fire and chaos heritage,heritage,
1049,ranged magic attack,spell,
1050,linking the fire,event,
1051,egg-bearing undead,enemy,
1052,bare hands,weapon,
1053,non-physical damage,damage_type,
1054,stone guardians,enemy,
1055,hollow soldiers,enemy,
1056,flexibility,attribute,
1057,lesser demons,enemy,
1058,undead prince ricard,npc,
1059,polearm,weapon,
1060,distinctive armor,armor,
1061,poise,stat,
1062,hard exteriors,trait,
1063,bow,weapon,
1064,boar helm,armor,
1065,armored foes,enemy,
1066,adaptive blade,weapon,
1067,fewer casts,effect,
1068,great swamp pyromancy,pyromancy,
1069,abyss sorceries,sorcery,
1070,divine adjustment,stat,
1071,sin,mechanic,
1072,pyromancy,sorcery,
1073,buff allies,effect,
1074,magic damage,damage,
1075,reinforced unstable weapons,weapon,
1076,sound-based spells,sorcery,
1077,ancient warriors,faction,
1078,self and enemy damage,effect,
1079,carim snipers,faction,
1080,fluid attacks,combat,
1081,light armor,armor,
1082,dance-like,style,
1083,clan brigade from the east,faction,
1084,curved swords,weapon,
1085,backstab,mechanic,
1086,crystal enhancement,upgrade,
1087,high power,stat,
1088,eastern spooks,faction,
1089,astora knight,character,
1090,homing magic attack,sorcery,
1091,minimal protection,armor,
1092,irreparable,property,
1093,failed flame sorcery,sorcery,
1094,chaos corruption,effect,
1095,divine,property,
1096,beak-like protrusion,feature,
1097,miracle strength,stat,
1098,no value,mechanic,
1099,standard catalysts,catalyst,
1100,lightweight,equipment_trait,
1101,leather gear,armor,
1102,dragon torso form,transformation,
1103,sorceries,magic_type,
1104,vinheim sorcerers,sorcerer_group,
1105,patchwork sack,armor,
1106,knowledge,concept,
1107,dragon hunting rituals,ritual,
1108,black sorcerer,enemy,
1109,lifedrain art,dark_magic,
1110,sweeping flame,pyromancy,
1111,body hardening,pyromancy,
1112,fragile,equipment_trait,
1113,enemy distraction,utility_spell,
1114,thrusting sword,weapon_type,
1115,respawning,mechanic,
1116,dark enemies,enemy_type,
1117,basement entrance,location_feature,
1118,secret church rites,ritual,
1119,weapons_from_tails,weapon_trait,
1120,blood loss,status_effect,
1121,lightning-charged spear,weapon_trait,
1122,undead parish giant blacksmith,blacksmith,
1123,seath's forbidden research,forbidden knowledge,
1124,tower symbol,symbol,
1125,extreme protection,armor_trait,
1126,stamina recovery,passive_bonus,
1127,low physical reduction,stat_modifier,
1128,light,effect,
1129,divine ring,ring,
1130,physical,damage_type,
1131,old sorceries,sorcery,
1132,knight of astora,character,
1133,item discovery boost,stat_modifier,
1134,non-covenant invaders,invader_type,
1135,bone-crafted swords,weapon_type,
1136,manual reloading,mechanic,
1137,great swamp pyromancers,faction,
1138,pilgrim clerics,faction,
1139,three masks,armor,
1140,lower damage per shot,stat_modifier,
1141,covenant ring,ring,
1142,player communication,mechanic,
1143,thrust weapon,weapon_type,
1144,drake's tail,body_part,
1145,unwavering faith,trait,
1146,miracle adjustment,mechanic,
1147,lightning bolts,projectile,
1148,spiked wheel,weapon_type,
1149,chaos servant covenant,covenant,
1150,dependable,trait,
1151,arrow types,projectile,
1152,crimson attire,armor,
1153,fire reduction,resistance,
1154,fire weapon,weapon_type,
1155,curse and death loss,penalty,
1156,bow range,stat_modifier,
1157,exposed skin,attribute,
1158,high damage,effect,
1159,reah's escorts,character,
1160,weak undead,enemy,
1161,broken weapons,item,
1162,undead asylum cell,location,
1163,shield,equipment,
1164,crystallized,effect,
1165,extreme defense,effect,
1166,castle guardians,enemy,
1167,modern sorcery,spell,
1168,vinheim blacksmiths,character,
1169,ancient magic,spell,
1170,human soldiers,character,
1171,cannibal of the depths,character,
1172,unnamed crow-like creature,character,
1173,miracles,spell,
1174,stone dragon's tail,object,
1175,blue caduceus,symbol,
1176,water bodies,location,
1177,dragon weapons,weapon,
1178,sharp,attribute,
1179,lightning-based weapons,weapon,
1180,paladin,character,
1181,memories,concept,
1182,missing characters,character,
1183,lightning damage,effect,
1184,white attire,armor,
1185,souls,resource,
1186,piercing magic attack,sorcery,
1187,shorter range,property,
1188,gentle sorceries,sorcery,
1189,crafting weapon,mechanic,
1190,curse,status,
1191,cooperation,mechanic,
1192,tail of kalameet,body_part,
1193,gaping dragon's tail,body_part,
1194,gravelords,faction,
1195,hollows,enemy,
1196,damage taken,mechanic,
1197,footing on poor terrain,terrain,
1198,pvp duels,mechanic,
1199,undead cook,character,
1200,great bridge,location,
1201,hard leather set,armor,
1202,hp over time,effect,
1203,sniping,mechanic,
1204,merchant,character,
1205,atonement and resolve,concept,
1206,fire keepers,character,
1207,followers,group,
1208,close-range flame,pyromancy,
1209,high reach,property,
1210,human,species,
1211,tree branch,weapon,
1212,sorcery,sorcery,
1213,occult energy,energy,
1214,fire resistance,resistance,
1215,sorcery duration,mechanic,
1216,fair lady's domain,location,
1217,good stability,property,
1218,hiding something,lore,
1219,special weapons,weapon_type,
1220,standard weapons,weapon_type,
1221,sin and indictments,mechanic,
1222,dragon bones,material,
1223,long range,effect,
1224,critical attacks,mechanic,
1225,barbed,property,
1226,extremely powerful,property,
1227,demons,enemy_type,
1228,mobility and defense,property,
1229,low cost,property,
1230,hp,stat,
1231,bonfires,location,
1232,claws,weapon_type,
1233,healing tradition,tradition,
1234,eastern,culture,
1235,way of white paladin,character,
1236,eastern spies,culture,
1237,stamina regeneration,stat,
1238,ambush-suited,property,
1239,souls per kill,mechanic,
1240,continuous flame jet,spell,
1241,adventurers,profession,
1242,double-headed eagle,symbol,
1243,magic defense,defense_type,
1244,lightweight for stealth,property,
1245,death miasma,status_effect,
1246,humans,race,
1247,undead curse,curse,
1248,blighttown giants,enemy,
1249,advanced sorceries,sorcery,
1250,chaos weapons,weapon_type,
1251,divine beings,entity,
1252,alvina's clan,faction,
1253,slicing weapons,weapon_property,
1254,attunement slots,stat,
1255,high-ranking thorolund clerics,faction,
1256,item discovery,mechanic,
1257,batwing demon bones,material,
1258,rusted but sturdy,armor_property,
1259,weak,status_effect,
1260,six-eyed channelers,enemy,
1261,black iron set,armor_set,
1262,curse breaking,curse,
1263,sorcery adjustment,mechanic,
1264,steel,material,
1265,magic weapons,weapon_type,
1266,smough's set,armor_set,
1267,tenacity and resilience,trait,
1268,double humanity,consumable,
1269,parry oriented,mechanic,
1270,stamina,stat,
1271,physical damage,damage_type,
1272,tridents,weapon_type,
1273,scholars,faction,
1274,leather set,armor_set,
1275,fire defense,resistance,
1276,shield crafting,crafting,
1277,weapon repair,crafting,
1278,havel's warriors,character_group,
1279,faith,stat,
1280,weight and protection,equipment_trait,
1281,farming tool,weapon_type,
1282,cannot be repaired,equipment_trait,
1283,shield enchantment,spell_type,
1284,cleric knights,character_group,
1285,dragon hunting,activity,
1286,new londo floodgates,location,
1287,healer,role,
1288,mystical power,attribute,
1289,four knights of gwyn,character_group,
1290,extra phantom summon,mechanic,
1291,multiple dark orbs,spell,
1292,crystal weapons,weapon_type,
1293,mountains,location,
1294,unique weapons,weapon_type,
1295,phantom dismissal,mechanic,
1296,pure magic,spell_type,
1297,weapon enchantment,spell_type,
1298,player,player,
1299,tracking sins,mechanic,
1300,undead missions,quest,
1301,thrust counterattacks,combat_mechanic,
1302,lion armor,armor,
1303,mining tool,equipment,
1304,her mother's last words,lore,
1305,believers,faction,
1306,extra magic slots,stat_bonus,
1307,strength,stat,
1308,lord soul fragment,item,
1309,door from lower undead burg to depths,location,
1310,white flame,magic,
1311,magic reduction,defense,
1312,very low stability,equipment_trait,
1313,dragon covenant,covenant,
1314,crest,item,
1315,equipment corrosion,effect,
1316,covenant of dark sun gwyndolin,covenant,
1317,armor of favor,armor,
1318,divine power,stat_bonus,
1319,dragon apostles,faction,
1320,titanite,upgrade_material,
1321,steel protection and dragon combat,armor_trait,
1322,poison,status_effect,
1323,labrys,weapon,
1324,parry protrusion,equipment_trait,
1325,skeletons,enemy,
1326,eternal bonds,lore,
1327,poison swamp,location,
1328,enchanted origin,magic_trait,
1329,archtree heads,location,
1330,gwynevere's maidens,faction,
1331,sorcerers,profession,
1332,yes,misc,
1333,increased hp,stat,
1334,divine purpose,concept,
1335,stealth and flexibility,effect,
1336,intelligence,stat,
1337,camouflage,effect,
1338,'trusty patches',character_group,
1339,knights,character_group,
1340,sealed door to artorias's grave,location,
1341,defense when hp is low,concept,
1342,undead burg dogs,character_group,
1343,barbaric clerics,character_group,
1344,giant,concept,
1345,embers,equipment,
1346,children of gwyn,concept,
1347,sorcery strength,stat,
1348,forest hunter covenant,covenant,
1349,high faith,stat,
1350,divine status,stat,
1351,soul-seeking,concept,
1352,enchanted polearms,equipment,
1353,strength and dexterity,stat,
1354,new londo banishment sorcerers,character_group,
1355,gough's set,armor,
1356,abyss traversal,concept,
1357,painted world,location,
1358,hub location,location,
1359,warrior clerics,character_group,
1360,lightning defense,stat,
1361,hp from defeated enemies,concept,
1362,occult weapons,mechanic,
1363,equipped to fire,mechanic,
1364,nailed leather,equipment_set,
1365,weight load,stat_modifier,
1366,miracle,ability,
1367,weapon durability loss,mechanic,
1368,major bonfire,location_feature,
1369,clerics of the way of white,character_group,
1370,way of white clerics,character_group,
1371,divine heirloom,concept,
1372,velka's pardoner,character,
1373,high-ranked knights,character_group,
1374,lava damage,mechanic,
1375,inner door of undead asylum,location_feature,
1376,communication with quelaag's sister,interaction,
1377,pyromancer,ability,
1378,manual bolt loading,stat_modifier,
1379,fire damage,mechanic,
1380,ancient sorcery,ability,
1381,dingy set,equipment_set,
1382,mobility-focused,effect,
1383,prison,location_feature,
1384,abyss sorcery,ability,
1385,forest sanctuary scarecrows,enemy_group,
1386,stealth,effect,
1387,increased stamina recovery,stat_modifier,
1388,shield defenses,concept,
1389,warriors of sunlight,character_group,
1390,resists flame and magic,mechanic,
1391,blunt weapons,weapon_type,
1392,distant lands,location,
1393,blacksmiths of astora,character_group,
1394,giant trees in lordran,location,
1395,reinforcement,mechanic,
1396,fall safety,mechanic,
1397,warrior of sunlight,covenant,
1398,snipers,character_group,
1399,parasite removal,mechanic,
1400,bonfire,location,
1401,non-standard weapons,weapon_category,
1402,boosts resistances,stat_effect,
1403,darkwraith,covenant,
1404,heavier = more damage,mechanic,
1405,death penalties,mechanic,
1406,miracle synergy,mechanic,
1407,dragon scales,upgrade_material,
1408,enemies of the lords,enemy_group,
1409,weapons,concept,
1410,evasion and silence,mechanic,
1411,primordial serpent,character,
1412,lightning weapons,weapon_category,
1413,lifedrain,mechanic,
1414,dexterity,stat,
1415,very long reach,weapon_trait,
1416,moonlight magic,sorcery_school,
1417,detachment from worldly desires,philosophy,
1418,standard round,shield_shape,
1419,sorcery instructor,character_class,
1420,wielder,role,
1421,standard set,armor_set,
1422,discarded relics,artifact,
1423,weapons and spells,equipment_type,
1424,dragon head form,transformation,
1425,last bonfire,mechanic,
1426,increased equipment load,stat_modifier,
1427,hunters,character_group,
1428,crystal hollow knight,enemy_type,
1429,white dragon,boss,
1430,heavy rock armor,armor_type,
1431,brutality and strength,attribute,
1432,unarmored foes,enemy_weakness,
1433,enchanted weapons,weapon_type,
1434,divine embers,upgrade_item,
1435,attack,stat,
1436,stealth transformation,effect,
1437,hp recovery and humanity,healing_mechanic,
1438,wanderer,character_class,
1439,wind blade,spell_type,
1440,wearer sound,effect,
1441,enchanted,weapon_property,
1442,halves sorcery uses,spell_penalty,
1443,lord's blade set,armor_set,
1444,simple and blunt,weapon_property,
1445,,,
